inteiro,representação em string
404242,quatrocentos e quatro mil e duzentos e quarenta e dois
217117,duzentos e dezessete mil e cento e dezessete
555070,quinhentos e cinquenta e cinco mil e setenta
188819,cento e oitenta e oito mil e oitocentos e dezenove
884070,oitocentos e oitenta e quatro mil e setenta
314755,trezentos e catorze mil e setecentos e cinquenta e cinco
931073,novecentos e trinta e um mil e setenta e três
837628,oitocentos e trinta e sete mil e seiscentos e vinte e oito
780425,setecentos e oitenta mil e quatrocentos e vinte e cinco
887861,oitocentos e oitenta e sete mil e oitocentos e sessenta e um
